{
  "slug": "amd-ryzen-5-9600x-6-core-12t",
  "hostname": "fedora",
  "mode": "container",
  "generated": "2026-07-10T08:43:43.343775+00:00",
  "targets": {
    "cassandra": {
      "read": {
        "ops_per_sec": 23906.5,
        "mean_latency_ms": 0.2,
        "p50": 0.1,
        "p95": 0.7,
        "p99": 1.15,
        "p999": 3.95,
        "errors": 0.0
      },
      "write": {
        "ops_per_sec": 26320.5,
        "mean_latency_ms": 0.2,
        "p50": 0.1,
        "p95": 0.55,
        "p99": 1.0,
        "p999": 3.7,
        "errors": 0.0
      }
    },
    "plexdb": {
      "read": {
        "ops_per_sec": 22193.0,
        "mean_latency_ms": 0.2,
        "p50": 0.15000000000000002,
        "p95": 0.5,
        "p99": 1.0,
        "p999": 3.8499999999999996,
        "errors": 0.0
      },
      "write": {
        "ops_per_sec": 18325.0,
        "mean_latency_ms": 0.3,
        "p50": 0.3,
        "p95": 0.4,
        "p99": 0.8,
        "p999": 3.0,
        "errors": 0.0
      }
    }
  }
}